{"cameraMode":{"drawMode":0,"name":"Shaded","section":"Shading Mode"},"sceneLighting":true,"audioPlay":false,"sceneViewState":{"showFog":true,"showMaterialUpdate":false,"showSkybox":true,"showFlares":true,"showImageEffects":true,"showParticleSystems":true},"in2DMode":false,"pivot":{"x":-0.39102983474731448,"y":0.7924280166625977,"z":3.2483110427856447},"rotation":{"x":0.335298627614975,"y":0.01978233829140663,"z":-0.007042093202471733,"w":0.9418802857398987},"size":7.3884196281433109,"orthographic":false}