{"cameraMode":{"drawMode":0,"name":"Shaded","section":"Shading Mode"},"sceneLighting":false,"audioPlay":false,"sceneViewState":{"showFog":true,"showMaterialUpdate":false,"showSkybox":false,"showFlares":true,"showImageEffects":true,"showParticleSystems":true},"in2DMode":false,"pivot":{"x":0.06319442391395569,"y":1.2960000038146973,"z":1.8180441856384278},"rotation":{"x":-0.3445294201374054,"y":-0.19864478707313538,"z":0.07484052330255509,"w":-0.9144615530967712},"size":0.3473111093044281,"orthographic":false}