{"cameraMode":{"drawMode":0,"name":"Shaded","section":"Shading Mode"},"sceneLighting":true,"audioPlay":false,"sceneViewState":{"showFog":true,"showMaterialUpdate":false,"showSkybox":true,"showFlares":true,"showImageEffects":true,"showParticleSystems":true},"in2DMode":false,"pivot":{"x":-8.491344451904297,"y":1.8558692932128907,"z":-17.38538932800293},"rotation":{"x":-0.43678390979766848,"y":0.5060166716575623,"z":-0.33211246132850649,"w":-0.665499210357666},"size":23.954225540161134,"orthographic":false}