{"cameraMode":{"drawMode":0,"name":"Shaded","section":"Shading Mode"},"sceneLighting":true,"audioPlay":false,"sceneViewState":{"showFog":true,"showMaterialUpdate":false,"showSkybox":true,"showFlares":true,"showImageEffects":true,"showParticleSystems":true},"in2DMode":false,"pivot":{"x":4.942953109741211,"y":6.371377468109131,"z":-7.349576950073242},"rotation":{"x":-0.34929126501083376,"y":0.4945624768733978,"z":-0.2264002412557602,"w":-0.762995719909668},"size":10.049415588378907,"orthographic":false}