{"cameraMode":{"drawMode":0,"name":"Shaded","section":"Shading Mode"},"sceneLighting":false,"audioPlay":false,"sceneViewState":{"showFog":true,"showMaterialUpdate":false,"showSkybox":false,"showFlares":true,"showImageEffects":true,"showParticleSystems":true},"in2DMode":false,"pivot":{"x":0.30597662925720217,"y":-1.709707260131836,"z":4.163074016571045},"rotation":{"x":-0.3929111659526825,"y":-0.007726742886006832,"z":0.0033015769440680744,"w":-0.9195392727851868},"size":5.708846569061279,"orthographic":false}