{"cameraMode":{"drawMode":0,"name":"Shaded","section":"Shading Mode"},"sceneLighting":true,"audioPlay":false,"sceneViewState":{"showFog":true,"showMaterialUpdate":false,"showSkybox":true,"showFlares":true,"showImageEffects":true,"showParticleSystems":true},"in2DMode":false,"pivot":{"x":5.048633575439453,"y":-19.987567901611329,"z":27.789743423461915},"rotation":{"x":-0.3127692639827728,"y":-0.4494384527206421,"z":0.1716497391462326,"w":-0.8189861178398132},"size":32.444786071777347,"orthographic":true}