{"cameraMode":{"drawMode":0,"name":"Shaded","section":"Shading Mode"},"sceneLighting":false,"audioPlay":false,"sceneViewState":{"showFog":true,"showMaterialUpdate":false,"showSkybox":false,"showFlares":true,"showImageEffects":true,"showParticleSystems":true},"in2DMode":false,"pivot":{"x":-0.06800127029418946,"y":-5.356758117675781,"z":4.321391582489014},"rotation":{"x":-0.2056555449962616,"y":0.5847230553627014,"z":-0.15636438131332398,"w":-0.7690091729164124},"size":1.5779738426208497,"orthographic":false}