{"cameraMode":{"drawMode":0,"name":"Shaded","section":"Shading Mode"},"sceneLighting":true,"audioPlay":false,"sceneViewState":{"showFog":true,"showMaterialUpdate":false,"showSkybox":false,"showFlares":true,"showImageEffects":true,"showParticleSystems":true},"in2DMode":false,"pivot":{"x":17.82577896118164,"y":-7.506450653076172,"z":7.717504501342773},"rotation":{"x":-0.2716502547264099,"y":0.6534910202026367,"z":-0.2723022699356079,"w":-0.6519260406494141},"size":41.263851165771487,"orthographic":false}