{"cameraMode":{"drawMode":0,"name":"Shaded","section":"Shading Mode"},"sceneLighting":true,"audioPlay":false,"sceneViewState":{"showFog":true,"showMaterialUpdate":false,"showSkybox":true,"showFlares":true,"showImageEffects":true,"showParticleSystems":true},"in2DMode":false,"pivot":{"x":2.113107681274414,"y":-2.421804428100586,"z":3.6979751586914064},"rotation":{"x":0.3574620187282562,"y":0.1393311321735382,"z":-0.05402466282248497,"w":0.9218975901603699},"size":5.408428192138672,"orthographic":false}