{"cameraMode":{"drawMode":0,"name":"Shaded","section":"Shading Mode"},"sceneLighting":true,"audioPlay":false,"sceneViewState":{"showFog":true,"showMaterialUpdate":false,"showSkybox":true,"showFlares":true,"showImageEffects":true,"showParticleSystems":true},"in2DMode":false,"pivot":{"x":-9.792570114135743,"y":32.646514892578128,"z":-20.32955551147461},"rotation":{"x":-0.1435331255197525,"y":0.06141297519207001,"z":-0.008923569694161415,"w":-0.987701952457428},"size":32.6568717956543,"orthographic":false}