{"cameraMode":{"drawMode":0,"name":"Shaded","section":"Shading Mode"},"sceneLighting":true,"audioPlay":false,"sceneViewState":{"showFog":true,"showMaterialUpdate":false,"showSkybox":true,"showFlares":true,"showImageEffects":true,"showParticleSystems":true},"in2DMode":false,"pivot":{"x":-12.325027465820313,"y":-0.05700758472084999,"z":2.7606618404388429},"rotation":{"x":-0.3878040313720703,"y":0.06545088440179825,"z":-0.027614647522568704,"w":-0.9190115332603455},"size":17.109333038330079,"orthographic":true}