{"cameraMode":{"drawMode":0,"name":"Shaded","section":"Shading Mode"},"sceneLighting":true,"audioPlay":false,"sceneViewState":{"showFog":true,"showMaterialUpdate":false,"showSkybox":true,"showFlares":true,"showImageEffects":true,"showParticleSystems":true},"in2DMode":false,"pivot":{"x":12.884021759033204,"y":-17.806964874267579,"z":20.09490394592285},"rotation":{"x":-0.3127692639827728,"y":-0.4494384527206421,"z":0.1716497391462326,"w":-0.8189861178398132},"size":29.710662841796876,"orthographic":true}