{"cameraMode":{"drawMode":0,"name":"Shaded","section":"Shading Mode"},"sceneLighting":true,"audioPlay":false,"sceneViewState":{"showFog":true,"showMaterialUpdate":false,"showSkybox":true,"showFlares":true,"showImageEffects":true,"showParticleSystems":true},"in2DMode":false,"pivot":{"x":4.000060081481934,"y":-6.971033096313477,"z":1.5933189392089844},"rotation":{"x":-0.33701080083847048,"y":0.20716582238674165,"z":-0.07628186047077179,"w":-0.9152539372444153},"size":29.59202003479004,"orthographic":false}